id,name,role
1,Carmen Wickman,Analyst
2,Patricia Webster,Analyst
3,Linda Rivera,Manager
4,Monica Vaughn,Manager
5,Kris Soles,Intern
6,Keri Edwards,Intern
7,Anne Hartman,Engineer
8,Albert Bedolla,Analyst
9,Barbara Gwin,Engineer
10,Marion Bishop,Manager
11,Edith Godsey,Intern
12,Cheryl Noble,Analyst
13,Hugh Richards,Manager
14,Gonzalo Smith,Manager
15,Adelaida Redway,Manager
16,Susie Cloer,Manager
17,Joshua Felten,Manager
18,Joan Mcdonald,Intern
19,Hope Cortez,Analyst
20,Jared Pate,Engineer
21,Mary Johnson,Engineer
22,Ann Carroll,Intern
23,Billy White,Engineer
24,Roger Masterson,Manager
25,Ken Whitten,Engineer
26,Francis Bullock,Intern
27,Clarence Biondo,Manager
28,Mary Gately,Manager
29,Tony Pond,Manager
30,Aaron Kyle,Engineer
31,Aaron Mullins,Intern
32,Victor Khan,Engineer
33,Gloria Harrison,Engineer
34,Susan Armwood,Manager
35,Andra Cumbee,Engineer
36,Terry Ketner,Analyst
37,Roy Reel,Engineer
38,Ruth Durham,Analyst
39,Ellen Sheridan,Intern
40,Charleen Land,Intern
41,Michael Nutter,Intern
42,Rachel Russell,Manager
43,Sylvia Schmit,Engineer
44,Rick Lee,Engineer
45,William Folkerts,Analyst
46,Julie Sipe,Analyst
47,Sheri Osborn,Manager
48,James Compton,Analyst
49,Roger Odom,Manager
50,William Hilley,Intern
51,Edna Robinson,Analyst
52,Ryan Degnan,Intern
53,George Love,Manager
54,Ruby Rivera,Analyst
55,Christopher Stubbert,Intern
56,Nicholas Nairn,Analyst
57,Paul Espinoza,Engineer
58,Charles Hennon,Analyst
59,Joe Benack,Intern
60,Carmela Ratliff,Engineer
61,Olga Thompson,Intern
62,Lourdes Haley,Intern
63,William Aragaki,Engineer
64,Betty Juarez,Engineer
65,Eric Rhea,Manager
66,Chris Goff,Analyst
67,Daniel Helton,Manager
68,Willie Cunningham,Analyst
69,Kenneth Mccann,Analyst
70,Candida Helms,Engineer
71,Marvin Robinson,Intern
72,Leslie Mckie,Analyst
73,Emory Abad,Engineer
74,Eva Brown,Analyst
75,Charles Cope,Analyst
76,Zachary Williams,Manager
77,Lori Lovett,Intern
78,Leon Suiter,Engineer
79,Julio Walls,Intern
80,Alex Bartoletti,Engineer
81,Donna Barnes,Intern
82,Damien Kirby,Engineer
83,Sarah Neil,Engineer
84,James Champagne,Engineer
85,Ray Hickman,Analyst
86,Doris Nicholson,Manager
87,Jeffrey Mills,Intern
88,Edward Stafford,Analyst
89,Carol Caraballo,Engineer
90,Edward Arnold,Intern
91,Robert Stelter,Engineer
92,Dewitt Peak,Engineer
93,Jorge Hardin,Intern
94,Reginald Ward,Analyst
95,James Childs,Intern
96,Irene Deguzman,Analyst
97,Richard Malach,Manager
98,Esther Brown,Analyst
99,Bradley Schmitke,Intern
100,Sabrina Novak,Intern
101,Carlton Brown,Engineer
102,Aaron Terrell,Analyst
103,Debra Martinez,Manager
104,Dee Gonzalez,Engineer
105,Reginald Lepak,Manager
106,Emma Oberpriller,Engineer
107,Jessica Cecilio,Manager
108,Robert Cloud,Analyst
109,Rachel Rector,Intern
110,John Bueti,Engineer
111,James Foster,Analyst
112,Myrtle Amoa,Manager
113,Ashley Cutshall,Intern
114,Allyson Pederson,Engineer
115,Beth Appello,Intern
116,Christa Stiggers,Analyst
117,Terry Horrigan,Analyst
118,Charles Wozniak,Manager
119,Diane Key,Engineer
120,Rae Bronson,Manager
121,Marion Howard,Intern
122,Michael Mclean,Manager
123,Teresa Harvey,Analyst
124,Bruce Powell,Intern
125,Cynthia Horowitz,Engineer
126,Tracy Parker,Analyst
127,Danny Crook,Engineer
128,Nancy Coffman,Engineer
129,Martin Harshbarger,Manager
130,Jason Cheney,Analyst
131,John Elder,Intern
132,Amy Green,Manager
133,John Kutch,Intern
134,Mildred Jones,Analyst
135,Ronald Bentley,Engineer
136,Kathryn Janas,Analyst
137,Tyler Ahearn,Manager
138,Tim Osborne,Analyst
139,Peter Leaver,Analyst
140,Sheryl Moreno,Intern
141,Katie Warren,Engineer
142,Anna Michaels,Engineer
143,Patrick Thomas,Manager
144,Beatrice Reynolds,Manager
145,Lori Thompson,Manager
146,Patricia Mayberry,Manager
147,Diane Mccosker,Engineer
148,Jason Miller,Manager
149,Lindsey Ackerson,Analyst
150,Roxanne Bez,Engineer
151,Kenneth Gross,Intern
152,Emily Boggs,Manager
153,Angela Patterson,Analyst
154,Lynn Martin,Analyst
155,Jodie Burkett,Analyst
156,Irma Maldonado,Analyst
157,Vince Kirley,Intern
158,Stephanie Haynes,Analyst
159,Joseph Odonnell,Manager
160,Man Granger,Analyst
161,Jennifer Fletcher,Engineer
162,Patricia Sharp,Analyst
163,Johnie Keen,Intern
164,Gary Link,Engineer
165,Roger Lambert,Analyst
166,Thomas Leonard,Intern
167,Herbert Galbreath,Intern
168,Martin Kendrick,Intern
169,Alfred Mattson,Intern
170,Rosario Booth,Engineer
171,Ervin Young,Manager
172,Patricia Coles,Analyst
173,Judy Mcchriston,Analyst
174,Diedre Wright,Intern
175,Christy Hoffman,Intern
176,Tommy Wageman,Manager
177,Ruth Bigelow,Intern
178,Pamela Hight,Engineer
179,Robert Kilgo,Manager
180,Paige Pittman,Intern
181,Ruby Palesano,Intern
182,William Casarez,Engineer
183,Maria Powers,Intern
184,Ronald Kohn,Intern
185,Margaret Blasen,Analyst
186,Luis James,Analyst
187,Katrina Losinski,Engineer
188,Susanne Mumma,Manager
189,Warren Sanders,Intern
190,Joanne Minichiello,Analyst
191,Etta Strader,Intern
192,Amber Mayers,Intern
193,Candice Wilborn,Manager
194,James Hatcher,Intern
195,Donna Medina,Manager
196,Charles Burgess,Intern
197,Shirley Natcher,Manager
198,Anna Borden,Manager
199,Mary Gipson,Intern
200,Elenora Diaz,Analyst
201,Toby Craig,Manager
202,James Johnson,Analyst
203,Julie Post,Intern
204,John Andaya,Manager
205,George Brown,Engineer
206,Michael Butler,Engineer
207,Shawn Clayton,Intern
208,Frieda Tejeda,Analyst
209,Derick Mendez,Intern
210,Jake Valdez,Intern
211,Johnny Aldridge,Engineer
212,Nicole Tatum,Engineer
213,Amanda Bowman,Manager
214,Patricia Mcdougal,Engineer
215,Richard Tran,Manager
216,Sarah Dean,Engineer
217,Robin Runkle,Engineer
218,Janis Harris,Intern
219,Dexter Pittman,Engineer
220,Yolanda Moran,Analyst
221,Olivia Delossantos,Engineer
222,Barbara Cash,Engineer
223,Salvador Bailey,Analyst
224,Paul Medley,Engineer
225,Leana Dameron,Intern
226,Sherrell Douglas,Engineer
227,William Coyne,Analyst
228,Donna Scott,Intern
229,Edward Bosley,Intern
230,Tony Robbins,Analyst
231,Kirsten Castro,Analyst
232,Gerard Roberts,Manager
233,Lisa Roberts,Intern
234,Tom Mcclung,Intern
235,Anthony Jefferson,Manager
236,Tomas Alonso,Intern
237,Joan Doan,Analyst
238,Michelle Solis,Analyst
239,Allen Mincey,Engineer
240,Louis Garcia,Manager
241,Eunice Casey,Engineer
242,Ernest Smock,Manager
243,Kim Alston,Manager
244,Vickie Kalina,Engineer
245,James Redding,Analyst
246,Jacqueline Mccreary,Analyst
247,James Hall,Engineer
248,Jessica Gomez,Engineer
249,Tyrone Dahlgren,Intern
250,Charles Serdula,Analyst
