id,name
1,Project_1
2,Project_2
3,Project_3
4,Project_4
5,Project_5
6,Project_6
7,Project_7
8,Project_8
9,Project_9
10,Project_10
11,Project_11
12,Project_12
13,Project_13
14,Project_14
15,Project_15
16,Project_16
17,Project_17
18,Project_18
19,Project_19
20,Project_20
21,Project_21
22,Project_22
23,Project_23
24,Project_24
25,Project_25
26,Project_26
27,Project_27
28,Project_28
29,Project_29
30,Project_30
31,Project_31
32,Project_32
33,Project_33
34,Project_34
35,Project_35
36,Project_36
37,Project_37
38,Project_38
39,Project_39
40,Project_40
41,Project_41
42,Project_42
43,Project_43
44,Project_44
45,Project_45
46,Project_46
47,Project_47
48,Project_48
49,Project_49
50,Project_50
51,Project_51
52,Project_52
53,Project_53
54,Project_54
55,Project_55
56,Project_56
57,Project_57
58,Project_58
59,Project_59
60,Project_60
61,Project_61
62,Project_62
63,Project_63
64,Project_64
65,Project_65
66,Project_66
67,Project_67
68,Project_68
69,Project_69
70,Project_70
71,Project_71
72,Project_72
73,Project_73
74,Project_74
75,Project_75
